ticker,effective_shares,market_cap,as_of
AAPL,14594180000,4860153663264,2026-10-01
ABBV,1767117285,462260204112,2026-10-01
ABT,1730383296,171013784312,2026-10-01
ACN,611942109,112211821539,2026-10-01
ADBE,397500000,95376150970,2026-10-01
ADP,396251548,102256673509,2026-10-01
AIG,522893169,38913708680,2026-10-01
AMD,1632475042,998682947636,2026-10-01
AMGN,540632005,227881801707,2026-10-01
AMT,465960048,76273001395,2026-10-01
AMZN,10786313572,2687409960629,2026-10-01
AVGO,4773629865,1676451083944,2026-10-01
AXP,675309833,205361724337,2026-10-01
BA,790370020,147048344633,2026-10-01
BAC,6992748365,380615295641,2026-10-01
BKNG,751380500,122407400007,2026-10-01
BLK,154869259,163896594157,2026-10-01
BMY,2042714656,127465397651,2026-10-01
BRK-B,2140709794,1065966468054,2026-10-01
C,1677436783,217194507496,2026-10-01
CAT,459674889,372699793152,2026-10-01
CHTR,114457597,12693347682,2026-10-01
CMCSA,3548636573,77218332641,2026-10-01
COP,1218294007,152469496835,2026-10-01
COST,443266000,403522782344,2026-10-01
CRM,823000000,188936116028,2026-10-01
CSCO,3942586873,424340614312,2026-10-01
CVS,1278970369,109594974042,2026-10-01
CVX,1961603274,400579017753,2026-10-01
DHR,702986054,155746562409,2026-10-01
DIS,1726686902,181129458655,2026-10-01
F,3987595667,48090405417,2026-10-01
GE,1037562513,324020406051,2026-10-01
GILD,1239955155,184815319637,2026-10-01
GM,904451541,69642768657,2026-10-01
GOOGL,12229934831,4208075812430,2026-10-01
GS,291171408,262159084642,2026-10-01
HD,997689626,283832711958,2026-10-01
HON,316940010,66855326483,2026-10-01
IBM,942134390,207203609492,2026-10-01
INTC,5254526315,631751716492,2026-10-01
INTU,267236000,73679635276,2026-10-01
ISRG,358278038,145686600341,2026-10-01
JNJ,2409898597,637996531036,2026-10-01
JPM,2658186195,879407703198,2026-10-01
KHC,1185823758,26941914968,2026-10-01
KO,4302549243,370363446716,2026-10-01
LIN,460980163,218804231554,2026-10-01
LLY,891741406,1031816106867,2026-10-01
LMT,230790753,117530190965,2026-10-01
LOW,560707041,103332696821,2026-10-01
MA,876009940,483093175947,2026-10-01
MCD,707641531,163422736897,2026-10-01
MDT,1279137890,110376809699,2026-10-01
META,2547506225,1847400545587,2026-10-01
MMM,515722417,84655831603,2026-10-01
MO,1669743926,112440549862,2026-10-01
MRK,2467171638,358504704694,2026-10-01
MS,1570566292,295392111075,2026-10-01
MSFT,7425545491,3808562463622,2026-10-01
MU,1129393151,1202927922518,2026-10-01
NEE,2085978209,157991985094,2026-10-01
NFLX,4163939676,289726930280,2026-10-01
NKE,1483498703,52515856350,2026-10-01
NOW,1033862000,138547840941,2026-10-01
NVDA,24147000000,5514691977905,2026-10-01
ORCL,3031501149,416225117009,2026-10-01
OXY,999637371,55299939059,2026-10-01
PEP,1364891558,172959059896,2026-10-01
PFE,5699673589,162554693367,2026-10-01
PG,2322672312,337437830652,2026-10-01
PLTR,2403058480,449492096018,2026-10-01
PM,1558613439,297414627846,2026-10-01
PYPL,855460874,44937358667,2026-10-01
QCOM,1068060487,196565844857,2026-10-01
RTX,1347758144,250211291208,2026-10-01
SBUX,1140000000,107114398956,2026-10-01
SCHW,1729335714,169025268992,2026-10-01
SLB,1484143231,72307460026,2026-10-01
T,6852385650,167198207246,2026-10-01
TMO,369747286,249597900901,2026-10-01
TMUS,1072671613,174931288612,2026-10-01
TSLA,3949547394,1401338901223,2026-10-01
TXN,913247686,255791541027,2026-10-01
UBER,2042560121,139935798253,2026-10-01
UNH,897594847,329489104384,2026-10-01
UNP,594075498,161665768171,2026-10-01
UPS,850781582,79497033099,2026-10-01
USB,1558051446,89993048906,2026-10-01
V,1877355259,674590040008,2026-10-01
VZ,4154775202,190579534078,2026-10-01
WFC,3023999336,242071156075,2026-10-01
WMT,7933746241,824474894838,2026-10-01
XOM,4111911960,669213671490,2026-10-01
